--------------------------------------------------------
-- Archivo creado  - domingo-noviembre-24-2019   
--------------------------------------------------------
--------------------------------------------------------
--  DDL for Sequence CLIENTE_SEQUENCE
--------------------------------------------------------

   CREATE SEQUENCE  "ADMINALMACEN"."CLIENTE_SEQUENCE"  MINVALUE 1 MAXVALUE 9999999999999999999999999999 INCREMENT BY 1 START WITH 21 CACHE 20 NOORDER  NOCYCLE ;
--------------------------------------------------------
--  DDL for Sequence PAGOFIADO_SEQUENCE
--------------------------------------------------------

   CREATE SEQUENCE  "ADMINALMACEN"."PAGOFIADO_SEQUENCE"  MINVALUE 1 MAXVALUE 9999999999999999999999999999 INCREMENT BY 1 START WITH 23 CACHE 20 NOORDER  NOCYCLE ;
--------------------------------------------------------
--  DDL for Sequence SEQUENCE_IDFAMILIAPRODUCTO
--------------------------------------------------------

   CREATE SEQUENCE  "ADMINALMACEN"."SEQUENCE_IDFAMILIAPRODUCTO"  MINVALUE 1 MAXVALUE 9999999999999999999999999999 INCREMENT BY 1 START WITH 112 CACHE 20 NOORDER  NOCYCLE ;
--------------------------------------------------------
--  DDL for Sequence SEQUENCE_IDPAGOFIADO
--------------------------------------------------------

   CREATE SEQUENCE  "ADMINALMACEN"."SEQUENCE_IDPAGOFIADO"  MINVALUE 1 MAXVALUE 9999999999999999999999999999 INCREMENT BY 1 START WITH 44 CACHE 20 NOORDER  NOCYCLE ;
--------------------------------------------------------
--  DDL for Sequence SEQUENCE_IDPRODUCTO
--------------------------------------------------------

   CREATE SEQUENCE  "ADMINALMACEN"."SEQUENCE_IDPRODUCTO"  MINVALUE 1 MAXVALUE 9999999999999999999999999999 INCREMENT BY 1 START WITH 91 CACHE 20 NOORDER  NOCYCLE ;
--------------------------------------------------------
--  DDL for Sequence SEQUENCE_IDPROVEEDOR
--------------------------------------------------------

   CREATE SEQUENCE  "ADMINALMACEN"."SEQUENCE_IDPROVEEDOR"  MINVALUE 1 MAXVALUE 9999999999999999999999999999 INCREMENT BY 1 START WITH 23 CACHE 20 NOORDER  NOCYCLE ;
--------------------------------------------------------
--  DDL for Table BOLETA
--------------------------------------------------------

  CREATE TABLE "ADMINALMACEN"."BOLETA" 
   (	"IDBOLETA" NUMBER(*,0), 
	"IDPRODUCTO" NUMBER(*,0), 
	"CANTIDAD" NUMBER(*,0), 
	"TOTAL" NUMBER(*,0)
   ) SEGMENT CREATION IMMEDIATE 
  PCTFREE 10 PCTUSED 40 INITRANS 1 MAXTRANS 255 NOCOMPRESS LOGGING
  STORAGE(INITIAL 65536 NEXT 1048576 MINEXTENTS 1 MAXEXTENTS 2147483645
  PCTINCREASE 0 FREELISTS 1 FREELIST GROUPS 1 BUFFER_POOL DEFAULT FLASH_CACHE DEFAULT CELL_FLASH_CACHE DEFAULT)
  TABLESPACE "USERS" ;
--------------------------------------------------------
--  DDL for Table CLIENTE
--------------------------------------------------------

  CREATE TABLE "ADMINALMACEN"."CLIENTE" 
   (	"IDCLIENTE" NUMBER(*,0), 
	"NOMBRE" VARCHAR2(30 BYTE), 
	"CONTACTO" VARCHAR2(20 BYTE), 
	"IDBOLETA" NUMBER(*,0), 
	"DEUDA" NUMBER(*,0), 
	"RUT" VARCHAR2(35 BYTE), 
	"ESTADO" NUMBER(10,0)
   ) SEGMENT CREATION IMMEDIATE 
  PCTFREE 10 PCTUSED 40 INITRANS 1 MAXTRANS 255 NOCOMPRESS LOGGING
  STORAGE(INITIAL 65536 NEXT 1048576 MINEXTENTS 1 MAXEXTENTS 2147483645
  PCTINCREASE 0 FREELISTS 1 FREELIST GROUPS 1 BUFFER_POOL DEFAULT FLASH_CACHE DEFAULT CELL_FLASH_CACHE DEFAULT)
  TABLESPACE "USERS" ;
--------------------------------------------------------
--  DDL for Table FAMILIAPRODUCTO
--------------------------------------------------------

  CREATE TABLE "ADMINALMACEN"."FAMILIAPRODUCTO" 
   (	"IDFAMILIA" NUMBER(*,0), 
	"NOMBRE" VARCHAR2(39 BYTE), 
	"MEDIDA" VARCHAR2(20 BYTE)
   ) SEGMENT CREATION IMMEDIATE 
  PCTFREE 10 PCTUSED 40 INITRANS 1 MAXTRANS 255 NOCOMPRESS LOGGING
  STORAGE(INITIAL 65536 NEXT 1048576 MINEXTENTS 1 MAXEXTENTS 2147483645
  PCTINCREASE 0 FREELISTS 1 FREELIST GROUPS 1 BUFFER_POOL DEFAULT FLASH_CACHE DEFAULT CELL_FLASH_CACHE DEFAULT)
  TABLESPACE "USERS" ;
--------------------------------------------------------
--  DDL for Table LOGIN
--------------------------------------------------------

  CREATE TABLE "ADMINALMACEN"."LOGIN" 
   (	"IDLOGIN" NUMBER(*,0), 
	"TIPO" VARCHAR2(15 BYTE), 
	"USUARIO" VARCHAR2(15 BYTE), 
	"CONTRASENA" VARCHAR2(15 BYTE)
   ) SEGMENT CREATION IMMEDIATE 
  PCTFREE 10 PCTUSED 40 INITRANS 1 MAXTRANS 255 NOCOMPRESS LOGGING
  STORAGE(INITIAL 65536 NEXT 1048576 MINEXTENTS 1 MAXEXTENTS 2147483645
  PCTINCREASE 0 FREELISTS 1 FREELIST GROUPS 1 BUFFER_POOL DEFAULT FLASH_CACHE DEFAULT CELL_FLASH_CACHE DEFAULT)
  TABLESPACE "USERS" ;
--------------------------------------------------------
--  DDL for Table ORDENPEDIDO
--------------------------------------------------------

  CREATE TABLE "ADMINALMACEN"."ORDENPEDIDO" 
   (	"IDORDENPEDIDO" NUMBER(*,0), 
	"IDPROVEEDOR" NUMBER(*,0), 
	"FECHA" DATE, 
	"IDPRODUCTOSPEDIDO" NUMBER(*,0)
   ) SEGMENT CREATION IMMEDIATE 
  PCTFREE 10 PCTUSED 40 INITRANS 1 MAXTRANS 255 NOCOMPRESS LOGGING
  STORAGE(INITIAL 65536 NEXT 1048576 MINEXTENTS 1 MAXEXTENTS 2147483645
  PCTINCREASE 0 FREELISTS 1 FREELIST GROUPS 1 BUFFER_POOL DEFAULT FLASH_CACHE DEFAULT CELL_FLASH_CACHE DEFAULT)
  TABLESPACE "USERS" ;
--------------------------------------------------------
--  DDL for Table PAGOFIADO
--------------------------------------------------------

  CREATE TABLE "ADMINALMACEN"."PAGOFIADO" 
   (	"IDPAGOFIADO" NUMBER(*,0), 
	"IDCLIENTE" NUMBER(*,0), 
	"ABONO" NUMBER(*,0), 
	"FECHAABONO" DATE
   ) SEGMENT CREATION IMMEDIATE 
  PCTFREE 10 PCTUSED 40 INITRANS 1 MAXTRANS 255 NOCOMPRESS LOGGING
  STORAGE(INITIAL 65536 NEXT 1048576 MINEXTENTS 1 MAXEXTENTS 2147483645
  PCTINCREASE 0 FREELISTS 1 FREELIST GROUPS 1 BUFFER_POOL DEFAULT FLASH_CACHE DEFAULT CELL_FLASH_CACHE DEFAULT)
  TABLESPACE "USERS" ;
--------------------------------------------------------
--  DDL for Table PRODUCTO
--------------------------------------------------------

  CREATE TABLE "ADMINALMACEN"."PRODUCTO" 
   (	"IDPRODUCTO" NUMBER(*,0), 
	"NOMBRE" VARCHAR2(20 BYTE), 
	"PRECIOCOMPRA" NUMBER(*,0), 
	"PRECIOVENTA" NUMBER(*,0), 
	"IDFAMILIA" NUMBER(*,0), 
	"MARCA" VARCHAR2(30 BYTE), 
	"FECHAVENCIMIENTO" DATE, 
	"CODIGOBARRA" VARCHAR2(17 BYTE), 
	"DESCRIPCION" VARCHAR2(30 BYTE), 
	"STOCK" NUMBER(*,0), 
	"STOCKCRITICO" NUMBER(*,0)
   ) SEGMENT CREATION IMMEDIATE 
  PCTFREE 10 PCTUSED 40 INITRANS 1 MAXTRANS 255 NOCOMPRESS LOGGING
  STORAGE(INITIAL 65536 NEXT 1048576 MINEXTENTS 1 MAXEXTENTS 2147483645
  PCTINCREASE 0 FREELISTS 1 FREELIST GROUPS 1 BUFFER_POOL DEFAULT FLASH_CACHE DEFAULT CELL_FLASH_CACHE DEFAULT)
  TABLESPACE "USERS" ;
--------------------------------------------------------
--  DDL for Table PRODUCTOSPEDIDO
--------------------------------------------------------

  CREATE TABLE "ADMINALMACEN"."PRODUCTOSPEDIDO" 
   (	"IDPRODUCTOSPEDIDO" NUMBER(*,0), 
	"NOMBRE" VARCHAR2(20 BYTE), 
	"IDFAMILIA" NUMBER(*,0), 
	"FECHAVENCIMIENTO" DATE, 
	"IDTIPOPRODUCTO" NUMBER(*,0), 
	"MARCA" VARCHAR2(30 BYTE), 
	"CODIGOBARRA" VARCHAR2(17 BYTE), 
	"DESCRIPCION" VARCHAR2(30 BYTE), 
	"CANTIDAD" NUMBER(*,0), 
	"TOTALCOMPRA" NUMBER(*,0)
   ) SEGMENT CREATION IMMEDIATE 
  PCTFREE 10 PCTUSED 40 INITRANS 1 MAXTRANS 255 NOCOMPRESS LOGGING
  STORAGE(INITIAL 65536 NEXT 1048576 MINEXTENTS 1 MAXEXTENTS 2147483645
  PCTINCREASE 0 FREELISTS 1 FREELIST GROUPS 1 BUFFER_POOL DEFAULT FLASH_CACHE DEFAULT CELL_FLASH_CACHE DEFAULT)
  TABLESPACE "USERS" ;
--------------------------------------------------------
--  DDL for Table PROVEEDOR
--------------------------------------------------------

  CREATE TABLE "ADMINALMACEN"."PROVEEDOR" 
   (	"IDPROVEEDOR" NUMBER(*,0), 
	"NOMBRE" VARCHAR2(20 BYTE), 
	"DATOSCONTACTO" VARCHAR2(30 BYTE), 
	"RUBRO" VARCHAR2(30 BYTE)
   ) SEGMENT CREATION IMMEDIATE 
  PCTFREE 10 PCTUSED 40 INITRANS 1 MAXTRANS 255 NOCOMPRESS LOGGING
  STORAGE(INITIAL 65536 NEXT 1048576 MINEXTENTS 1 MAXEXTENTS 2147483645
  PCTINCREASE 0 FREELISTS 1 FREELIST GROUPS 1 BUFFER_POOL DEFAULT FLASH_CACHE DEFAULT CELL_FLASH_CACHE DEFAULT)
  TABLESPACE "USERS" ;
--------------------------------------------------------
--  DDL for Table RECEPCIONPEDIDO
--------------------------------------------------------

  CREATE TABLE "ADMINALMACEN"."RECEPCIONPEDIDO" 
   (	"IDRECEPCIONPEDIDO" NUMBER(*,0), 
	"IDORDENPEDIDO" NUMBER(*,0), 
	"IDUSUARIORECEPTOR" NUMBER(*,0), 
	"RECEPCION" CHAR(1 BYTE)
   ) SEGMENT CREATION IMMEDIATE 
  PCTFREE 10 PCTUSED 40 INITRANS 1 MAXTRANS 255 NOCOMPRESS LOGGING
  STORAGE(INITIAL 65536 NEXT 1048576 MINEXTENTS 1 MAXEXTENTS 2147483645
  PCTINCREASE 0 FREELISTS 1 FREELIST GROUPS 1 BUFFER_POOL DEFAULT FLASH_CACHE DEFAULT CELL_FLASH_CACHE DEFAULT)
  TABLESPACE "USERS" ;
--------------------------------------------------------
--  DDL for Table TIPOPRODUCTO
--------------------------------------------------------

  CREATE TABLE "ADMINALMACEN"."TIPOPRODUCTO" 
   (	"IDTIPOPRODUCTO" NUMBER(*,0), 
	"NOMBRE" VARCHAR2(30 BYTE), 
	"DESCRIPCION" VARCHAR2(30 BYTE)
   ) SEGMENT CREATION IMMEDIATE 
  PCTFREE 10 PCTUSED 40 INITRANS 1 MAXTRANS 255 NOCOMPRESS LOGGING
  STORAGE(INITIAL 65536 NEXT 1048576 MINEXTENTS 1 MAXEXTENTS 2147483645
  PCTINCREASE 0 FREELISTS 1 FREELIST GROUPS 1 BUFFER_POOL DEFAULT FLASH_CACHE DEFAULT CELL_FLASH_CACHE DEFAULT)
  TABLESPACE "USERS" ;
--------------------------------------------------------
--  DDL for Table USUARIO
--------------------------------------------------------

  CREATE TABLE "ADMINALMACEN"."USUARIO" 
   (	"IDUSUARIO" NUMBER, 
	"NOMBRE" VARCHAR2(50 BYTE), 
	"CARGO" VARCHAR2(50 BYTE), 
	"CONTRASENA" VARCHAR2(50 BYTE)
   ) SEGMENT CREATION IMMEDIATE 
  PCTFREE 10 PCTUSED 40 INITRANS 1 MAXTRANS 255 NOCOMPRESS LOGGING
  STORAGE(INITIAL 65536 NEXT 1048576 MINEXTENTS 1 MAXEXTENTS 2147483645
  PCTINCREASE 0 FREELISTS 1 FREELIST GROUPS 1 BUFFER_POOL DEFAULT FLASH_CACHE DEFAULT CELL_FLASH_CACHE DEFAULT)
  TABLESPACE "USERS" ;
--------------------------------------------------------
--  DDL for Table VENTA
--------------------------------------------------------

  CREATE TABLE "ADMINALMACEN"."VENTA" 
   (	"IDVENTA" NUMBER(*,0), 
	"IDBOLETA" NUMBER(*,0), 
	"FECHA" DATE, 
	"TOTAL" NUMBER(*,0), 
	"IDUSUARIO" NUMBER(*,0)
   ) SEGMENT CREATION IMMEDIATE 
  PCTFREE 10 PCTUSED 40 INITRANS 1 MAXTRANS 255 NOCOMPRESS LOGGING
  STORAGE(INITIAL 65536 NEXT 1048576 MINEXTENTS 1 MAXEXTENTS 2147483645
  PCTINCREASE 0 FREELISTS 1 FREELIST GROUPS 1 BUFFER_POOL DEFAULT FLASH_CACHE DEFAULT CELL_FLASH_CACHE DEFAULT)
  TABLESPACE "USERS" ;
REM INSERTING into ADMINALMACEN.BOLETA
SET DEFINE OFF;
Insert into ADMINALMACEN.BOLETA (IDBOLETA,IDPRODUCTO,CANTIDAD,TOTAL) values ('1','1','3','10000');
Insert into ADMINALMACEN.BOLETA (IDBOLETA,IDPRODUCTO,CANTIDAD,TOTAL) values ('2','2','1','5000');
Insert into ADMINALMACEN.BOLETA (IDBOLETA,IDPRODUCTO,CANTIDAD,TOTAL) values ('3','5','1','20000');
Insert into ADMINALMACEN.BOLETA (IDBOLETA,IDPRODUCTO,CANTIDAD,TOTAL) values ('3','5','1','20000');
REM INSERTING into ADMINALMACEN.CLIENTE
SET DEFINE OFF;
Insert into ADMINALMACEN.CLIENTE (IDCLIENTE,NOMBRE,CONTACTO,IDBOLETA,DEUDA,RUT,ESTADO) values ('1','PARIS','90009718','1','10000','19023229','0');
Insert into ADMINALMACEN.CLIENTE (IDCLIENTE,NOMBRE,CONTACTO,IDBOLETA,DEUDA,RUT,ESTADO) values ('1','PARIS','90009718','4','500','19023229','0');
Insert into ADMINALMACEN.CLIENTE (IDCLIENTE,NOMBRE,CONTACTO,IDBOLETA,DEUDA,RUT,ESTADO) values ('1','PARIS','90009718','5','19500','19023229','0');
Insert into ADMINALMACEN.CLIENTE (IDCLIENTE,NOMBRE,CONTACTO,IDBOLETA,DEUDA,RUT,ESTADO) values ('1','PARIS','90009718','2','5000','19023229','1');
Insert into ADMINALMACEN.CLIENTE (IDCLIENTE,NOMBRE,CONTACTO,IDBOLETA,DEUDA,RUT,ESTADO) values ('2','bastian','9999999','6','2000','111','1');
Insert into ADMINALMACEN.CLIENTE (IDCLIENTE,NOMBRE,CONTACTO,IDBOLETA,DEUDA,RUT,ESTADO) values ('1','PARIS','90009718','3','20000','19023229','1');
REM INSERTING into ADMINALMACEN.FAMILIAPRODUCTO
SET DEFINE OFF;
Insert into ADMINALMACEN.FAMILIAPRODUCTO (IDFAMILIA,NOMBRE,MEDIDA) values ('1','Aseo','unidad');
Insert into ADMINALMACEN.FAMILIAPRODUCTO (IDFAMILIA,NOMBRE,MEDIDA) values ('2','Legumbres','kilo');
Insert into ADMINALMACEN.FAMILIAPRODUCTO (IDFAMILIA,NOMBRE,MEDIDA) values ('3','Frutas','kilo');
Insert into ADMINALMACEN.FAMILIAPRODUCTO (IDFAMILIA,NOMBRE,MEDIDA) values ('4','Verduras','kilo');
Insert into ADMINALMACEN.FAMILIAPRODUCTO (IDFAMILIA,NOMBRE,MEDIDA) values ('5','Conserva','unidad');
Insert into ADMINALMACEN.FAMILIAPRODUCTO (IDFAMILIA,NOMBRE,MEDIDA) values ('6','Bebidas','litro');
Insert into ADMINALMACEN.FAMILIAPRODUCTO (IDFAMILIA,NOMBRE,MEDIDA) values ('7','Cereales','kilo');
Insert into ADMINALMACEN.FAMILIAPRODUCTO (IDFAMILIA,NOMBRE,MEDIDA) values ('8','Panaderia','kilo');
Insert into ADMINALMACEN.FAMILIAPRODUCTO (IDFAMILIA,NOMBRE,MEDIDA) values ('9','Pastas','unidad');
Insert into ADMINALMACEN.FAMILIAPRODUCTO (IDFAMILIA,NOMBRE,MEDIDA) values ('10','Carnes','kilo');
Insert into ADMINALMACEN.FAMILIAPRODUCTO (IDFAMILIA,NOMBRE,MEDIDA) values ('11','Aperitivos','unidad');
Insert into ADMINALMACEN.FAMILIAPRODUCTO (IDFAMILIA,NOMBRE,MEDIDA) values ('42','WEAX','KILO');
Insert into ADMINALMACEN.FAMILIAPRODUCTO (IDFAMILIA,NOMBRE,MEDIDA) values ('95','3321312','Unidad');
Insert into ADMINALMACEN.FAMILIAPRODUCTO (IDFAMILIA,NOMBRE,MEDIDA) values ('37','WEAX','KILO');
Insert into ADMINALMACEN.FAMILIAPRODUCTO (IDFAMILIA,NOMBRE,MEDIDA) values ('93','asdasdsa','Unidad');
Insert into ADMINALMACEN.FAMILIAPRODUCTO (IDFAMILIA,NOMBRE,MEDIDA) values ('12','Yogurts','unidad');
Insert into ADMINALMACEN.FAMILIAPRODUCTO (IDFAMILIA,NOMBRE,MEDIDA) values ('94','wewewew','Unidad');
REM INSERTING into ADMINALMACEN.LOGIN
SET DEFINE OFF;
Insert into ADMINALMACEN.LOGIN (IDLOGIN,TIPO,USUARIO,CONTRASENA) values ('1','Normal','jtome','normal');
Insert into ADMINALMACEN.LOGIN (IDLOGIN,TIPO,USUARIO,CONTRASENA) values ('2','Administrador','juanita','admin');
Insert into ADMINALMACEN.LOGIN (IDLOGIN,TIPO,USUARIO,CONTRASENA) values ('3','Normal','kzuta','normal');
Insert into ADMINALMACEN.LOGIN (IDLOGIN,TIPO,USUARIO,CONTRASENA) values ('4','Normal','niky','normal');
REM INSERTING into ADMINALMACEN.ORDENPEDIDO
SET DEFINE OFF;
Insert into ADMINALMACEN.ORDENPEDIDO (IDORDENPEDIDO,IDPROVEEDOR,FECHA,IDPRODUCTOSPEDIDO) values ('1','1',to_date('18/09/19','DD/MM/RR'),'1');
REM INSERTING into ADMINALMACEN.PAGOFIADO
SET DEFINE OFF;
Insert into ADMINALMACEN.PAGOFIADO (IDPAGOFIADO,IDCLIENTE,ABONO,FECHAABONO) values ('4','1','1000',to_date('20/11/19','DD/MM/RR'));
Insert into ADMINALMACEN.PAGOFIADO (IDPAGOFIADO,IDCLIENTE,ABONO,FECHAABONO) values ('5','1','1000',to_date('20/11/19','DD/MM/RR'));
Insert into ADMINALMACEN.PAGOFIADO (IDPAGOFIADO,IDCLIENTE,ABONO,FECHAABONO) values ('2','2','1000',to_date('20/11/19','DD/MM/RR'));
Insert into ADMINALMACEN.PAGOFIADO (IDPAGOFIADO,IDCLIENTE,ABONO,FECHAABONO) values ('1','1','5000',to_date('20/11/19','DD/MM/RR'));
Insert into ADMINALMACEN.PAGOFIADO (IDPAGOFIADO,IDCLIENTE,ABONO,FECHAABONO) values ('3','1','1000',to_date('20/11/19','DD/MM/RR'));
Insert into ADMINALMACEN.PAGOFIADO (IDPAGOFIADO,IDCLIENTE,ABONO,FECHAABONO) values ('8','1','16780',to_date('20/11/19','DD/MM/RR'));
Insert into ADMINALMACEN.PAGOFIADO (IDPAGOFIADO,IDCLIENTE,ABONO,FECHAABONO) values ('6','1','100',to_date('20/11/19','DD/MM/RR'));
Insert into ADMINALMACEN.PAGOFIADO (IDPAGOFIADO,IDCLIENTE,ABONO,FECHAABONO) values ('7','1','120',to_date('20/11/19','DD/MM/RR'));
Insert into ADMINALMACEN.PAGOFIADO (IDPAGOFIADO,IDCLIENTE,ABONO,FECHAABONO) values ('24','2','1000',to_date('24/11/19','DD/MM/RR'));
REM INSERTING into ADMINALMACEN.PRODUCTO
SET DEFINE OFF;
Insert into ADMINALMACEN.PRODUCTO (IDPRODUCTO,NOMBRE,PRECIOCOMPRA,PRECIOVENTA,IDFAMILIA,MARCA,FECHAVENCIMIENTO,CODIGOBARRA,DESCRIPCION,STOCK,STOCKCRITICO) values ('1','Arroz','500','700','7','Campo',to_date('27/07/21','DD/MM/RR'),'sda','El mejor Arroz','10','3');
Insert into ADMINALMACEN.PRODUCTO (IDPRODUCTO,NOMBRE,PRECIOCOMPRA,PRECIOVENTA,IDFAMILIA,MARCA,FECHAVENCIMIENTO,CODIGOBARRA,DESCRIPCION,STOCK,STOCKCRITICO) values ('2','Cebolla','400','800','4','Campo',to_date('15/10/19','DD/MM/RR'),'sda','LA cebolla mas fresca','20','4');
Insert into ADMINALMACEN.PRODUCTO (IDPRODUCTO,NOMBRE,PRECIOCOMPRA,PRECIOVENTA,IDFAMILIA,MARCA,FECHAVENCIMIENTO,CODIGOBARRA,DESCRIPCION,STOCK,STOCKCRITICO) values ('3','Tallarines','1000','1500','9','Tarallin',to_date('27/11/22','DD/MM/RR'),'sda','Tallarines de Elite','3','7');
Insert into ADMINALMACEN.PRODUCTO (IDPRODUCTO,NOMBRE,PRECIOCOMPRA,PRECIOVENTA,IDFAMILIA,MARCA,FECHAVENCIMIENTO,CODIGOBARRA,DESCRIPCION,STOCK,STOCKCRITICO) values ('4','Escoba','2000','2500','1','LimpiaRapido',null,'sda','Limpia mas rapido','4','2');
Insert into ADMINALMACEN.PRODUCTO (IDPRODUCTO,NOMBRE,PRECIOCOMPRA,PRECIOVENTA,IDFAMILIA,MARCA,FECHAVENCIMIENTO,CODIGOBARRA,DESCRIPCION,STOCK,STOCKCRITICO) values ('5','Fanta','900','1300','6','Coca-Cola',to_date('27/12/19','DD/MM/RR'),'sda','Mejor sabor a naranja','9','3');
Insert into ADMINALMACEN.PRODUCTO (IDPRODUCTO,NOMBRE,PRECIOCOMPRA,PRECIOVENTA,IDFAMILIA,MARCA,FECHAVENCIMIENTO,CODIGOBARRA,DESCRIPCION,STOCK,STOCKCRITICO) values ('6','Marraqueta','600','800','8','Distribuidora Don Juan',null,'sda','El pan mas fresco','40','5');
Insert into ADMINALMACEN.PRODUCTO (IDPRODUCTO,NOMBRE,PRECIOCOMPRA,PRECIOVENTA,IDFAMILIA,MARCA,FECHAVENCIMIENTO,CODIGOBARRA,DESCRIPCION,STOCK,STOCKCRITICO) values ('7','Pechuga de Pollo','3000','3500','10','Matadero',to_date('18/09/19','DD/MM/RR'),'sda','De pollitos felices','10','4');
Insert into ADMINALMACEN.PRODUCTO (IDPRODUCTO,NOMBRE,PRECIOCOMPRA,PRECIOVENTA,IDFAMILIA,MARCA,FECHAVENCIMIENTO,CODIGOBARRA,DESCRIPCION,STOCK,STOCKCRITICO) values ('8','Cebada','1000','1500','7','Campo',to_date('03/04/26','DD/MM/RR'),'sda','Para el mejor desayuno','13','5');
Insert into ADMINALMACEN.PRODUCTO (IDPRODUCTO,NOMBRE,PRECIOCOMPRA,PRECIOVENTA,IDFAMILIA,MARCA,FECHAVENCIMIENTO,CODIGOBARRA,DESCRIPCION,STOCK,STOCKCRITICO) values ('9','Manzana','1000','1200','3','ManzaCorp',to_date('27/10/19','DD/MM/RR'),'sda','La manzana mas dulce','30','10');
Insert into ADMINALMACEN.PRODUCTO (IDPRODUCTO,NOMBRE,PRECIOCOMPRA,PRECIOVENTA,IDFAMILIA,MARCA,FECHAVENCIMIENTO,CODIGOBARRA,DESCRIPCION,STOCK,STOCKCRITICO) values ('10','Repollo','500','700','4','Campo',null,'sda','Para la mejor ensalada','10','5');
Insert into ADMINALMACEN.PRODUCTO (IDPRODUCTO,NOMBRE,PRECIOCOMPRA,PRECIOVENTA,IDFAMILIA,MARCA,FECHAVENCIMIENTO,CODIGOBARRA,DESCRIPCION,STOCK,STOCKCRITICO) values ('11','test','200','500','1','coca',to_date('23/11/19','DD/MM/RR'),'sda','descripcion','2','2');
Insert into ADMINALMACEN.PRODUCTO (IDPRODUCTO,NOMBRE,PRECIOCOMPRA,PRECIOVENTA,IDFAMILIA,MARCA,FECHAVENCIMIENTO,CODIGOBARRA,DESCRIPCION,STOCK,STOCKCRITICO) values ('12','test','200','500','1','coca',to_date('03/05/03','DD/MM/RR'),'sda','descripcion','2','2');
Insert into ADMINALMACEN.PRODUCTO (IDPRODUCTO,NOMBRE,PRECIOCOMPRA,PRECIOVENTA,IDFAMILIA,MARCA,FECHAVENCIMIENTO,CODIGOBARRA,DESCRIPCION,STOCK,STOCKCRITICO) values ('15','un nombree','1000','100','10','marca',to_date('19/11/21','DD/MM/RR'),'sda','des','10','1');
Insert into ADMINALMACEN.PRODUCTO (IDPRODUCTO,NOMBRE,PRECIOCOMPRA,PRECIOVENTA,IDFAMILIA,MARCA,FECHAVENCIMIENTO,CODIGOBARRA,DESCRIPCION,STOCK,STOCKCRITICO) values ('14','un nombre','2000','4000','8','una marca',to_date('23/11/19','DD/MM/RR'),'sda','una descripcion','10','1');
Insert into ADMINALMACEN.PRODUCTO (IDPRODUCTO,NOMBRE,PRECIOCOMPRA,PRECIOVENTA,IDFAMILIA,MARCA,FECHAVENCIMIENTO,CODIGOBARRA,DESCRIPCION,STOCK,STOCKCRITICO) values ('16','TEST','3000','2000','10','test',to_date('30/11/19','DD/MM/RR'),'sda','1','1','1');
Insert into ADMINALMACEN.PRODUCTO (IDPRODUCTO,NOMBRE,PRECIOCOMPRA,PRECIOVENTA,IDFAMILIA,MARCA,FECHAVENCIMIENTO,CODIGOBARRA,DESCRIPCION,STOCK,STOCKCRITICO) values ('31','5','5','5','95','5',to_date('01/11/19','DD/MM/RR'),'sda','5','5','5');
REM INSERTING into ADMINALMACEN.PRODUCTOSPEDIDO
SET DEFINE OFF;
Insert into ADMINALMACEN.PRODUCTOSPEDIDO (IDPRODUCTOSPEDIDO,NOMBRE,IDFAMILIA,FECHAVENCIMIENTO,IDTIPOPRODUCTO,MARCA,CODIGOBARRA,DESCRIPCION,CANTIDAD,TOTALCOMPRA) values ('1','Tallarines','9',to_date('27/11/22','DD/MM/RR'),'3','Tarallin','001PAS27112022003','Tallarines de Elite','20','20000');
Insert into ADMINALMACEN.PRODUCTOSPEDIDO (IDPRODUCTOSPEDIDO,NOMBRE,IDFAMILIA,FECHAVENCIMIENTO,IDTIPOPRODUCTO,MARCA,CODIGOBARRA,DESCRIPCION,CANTIDAD,TOTALCOMPRA) values ('2','Manzanas','3',to_date('27/11/19','DD/MM/RR'),'9','Frutos del Campo','001FRU27112019009','Las manzanas mas sabrosas','40','60000');
Insert into ADMINALMACEN.PRODUCTOSPEDIDO (IDPRODUCTOSPEDIDO,NOMBRE,IDFAMILIA,FECHAVENCIMIENTO,IDTIPOPRODUCTO,MARCA,CODIGOBARRA,DESCRIPCION,CANTIDAD,TOTALCOMPRA) values ('3','Escobas','1',null,'4','SueloLimpio','002ASE004','Escobas de gran calidad','10','40000');
REM INSERTING into ADMINALMACEN.PROVEEDOR
SET DEFINE OFF;
Insert into ADMINALMACEN.PROVEEDOR (IDPROVEEDOR,NOMBRE,DATOSCONTACTO,RUBRO) values ('1','Tarallin Corp','+56228837485','Produccion de Pastas');
Insert into ADMINALMACEN.PROVEEDOR (IDPROVEEDOR,NOMBRE,DATOSCONTACTO,RUBRO) values ('2','Frutas del Campo SA','+56228837485','Produccion de Frutas');
Insert into ADMINALMACEN.PROVEEDOR (IDPROVEEDOR,NOMBRE,DATOSCONTACTO,RUBRO) values ('6','2','+5692','2');
REM INSERTING into ADMINALMACEN.RECEPCIONPEDIDO
SET DEFINE OFF;
Insert into ADMINALMACEN.RECEPCIONPEDIDO (IDRECEPCIONPEDIDO,IDORDENPEDIDO,IDUSUARIORECEPTOR,RECEPCION) values ('1','1','2','V');
REM INSERTING into ADMINALMACEN.TIPOPRODUCTO
SET DEFINE OFF;
Insert into ADMINALMACEN.TIPOPRODUCTO (IDTIPOPRODUCTO,NOMBRE,DESCRIPCION) values ('1','-','Integral 1 kilo');
Insert into ADMINALMACEN.TIPOPRODUCTO (IDTIPOPRODUCTO,NOMBRE,DESCRIPCION) values ('2','-','normal 1 kilo');
Insert into ADMINALMACEN.TIPOPRODUCTO (IDTIPOPRODUCTO,NOMBRE,DESCRIPCION) values ('3','-','tipo 3 500 gr');
Insert into ADMINALMACEN.TIPOPRODUCTO (IDTIPOPRODUCTO,NOMBRE,DESCRIPCION) values ('4','-','celdas finas');
Insert into ADMINALMACEN.TIPOPRODUCTO (IDTIPOPRODUCTO,NOMBRE,DESCRIPCION) values ('5','-','Retornable 2 litros');
Insert into ADMINALMACEN.TIPOPRODUCTO (IDTIPOPRODUCTO,NOMBRE,DESCRIPCION) values ('6','-','panaderia 1 kilo');
Insert into ADMINALMACEN.TIPOPRODUCTO (IDTIPOPRODUCTO,NOMBRE,DESCRIPCION) values ('7','-','pechuga 1 kilo');
Insert into ADMINALMACEN.TIPOPRODUCTO (IDTIPOPRODUCTO,NOMBRE,DESCRIPCION) values ('8','-','Bolsa 500 gr');
Insert into ADMINALMACEN.TIPOPRODUCTO (IDTIPOPRODUCTO,NOMBRE,DESCRIPCION) values ('9','-','Roja 1 kilo');
Insert into ADMINALMACEN.TIPOPRODUCTO (IDTIPOPRODUCTO,NOMBRE,DESCRIPCION) values ('10','-','bolsa de 400 gr');
REM INSERTING into ADMINALMACEN.USUARIO
SET DEFINE OFF;
Insert into ADMINALMACEN.USUARIO (IDUSUARIO,NOMBRE,CARGO,CONTRASENA) values ('1','pruebausuario','Empleado','123');
Insert into ADMINALMACEN.USUARIO (IDUSUARIO,NOMBRE,CARGO,CONTRASENA) values ('2','pruebusuario2','Empleado','333');
REM INSERTING into ADMINALMACEN.VENTA
SET DEFINE OFF;
Insert into ADMINALMACEN.VENTA (IDVENTA,IDBOLETA,FECHA,TOTAL,IDUSUARIO) values ('1','1',to_date('06/08/19','DD/MM/RR'),'13500','1');
--------------------------------------------------------
--  DDL for Index SYS_C007062
--------------------------------------------------------

  CREATE UNIQUE INDEX "ADMINALMACEN"."SYS_C007062" ON "ADMINALMACEN"."USUARIO" ("IDUSUARIO") 
  PCTFREE 10 INITRANS 2 MAXTRANS 255 COMPUTE STATISTICS 
  STORAGE(INITIAL 65536 NEXT 1048576 MINEXTENTS 1 MAXEXTENTS 2147483645
  PCTINCREASE 0 FREELISTS 1 FREELIST GROUPS 1 BUFFER_POOL DEFAULT FLASH_CACHE DEFAULT CELL_FLASH_CACHE DEFAULT)
  TABLESPACE "USERS" ;
--------------------------------------------------------
--  DDL for Trigger TRIGGER_IDFAMILIAPRODUCTO
--------------------------------------------------------

  CREATE OR REPLACE TRIGGER "ADMINALMACEN"."TRIGGER_IDFAMILIAPRODUCTO" 
BEFORE INSERT ON FAMILIAPRODUCTO
FOR EACH ROW
   WHEN (new.IDFAMILIA IS NULL) BEGIN
  :new.IDFAMILIA := sequence_idfamiliaproducto.NEXTVAL;
END;
/
ALTER TRIGGER "ADMINALMACEN"."TRIGGER_IDFAMILIAPRODUCTO" ENABLE;
--------------------------------------------------------
--  DDL for Trigger TRIGGER_IDPAGOFIADO
--------------------------------------------------------

  CREATE OR REPLACE TRIGGER "ADMINALMACEN"."TRIGGER_IDPAGOFIADO" 
BEFORE INSERT ON pagofiado
FOR EACH ROW
   WHEN (new.IDPAGOFIADO IS NULL) BEGIN
  :new.IDPAGOFIADO := sequence_idpagofiado.NEXTVAL;
END;
/
ALTER TRIGGER "ADMINALMACEN"."TRIGGER_IDPAGOFIADO" ENABLE;
--------------------------------------------------------
--  DDL for Trigger TRIGGER_IDPRODUCTO
--------------------------------------------------------

  CREATE OR REPLACE TRIGGER "ADMINALMACEN"."TRIGGER_IDPRODUCTO" 
BEFORE INSERT ON PRODUCTO
FOR EACH ROW
   WHEN (new.IDPRODUCTO IS NULL) BEGIN
  :new.IDPRODUCTO := sequence_idproducto.NEXTVAL;
END;
/
ALTER TRIGGER "ADMINALMACEN"."TRIGGER_IDPRODUCTO" ENABLE;
--------------------------------------------------------
--  DDL for Trigger TRIGGER_IDPROVEEDOR
--------------------------------------------------------

  CREATE OR REPLACE TRIGGER "ADMINALMACEN"."TRIGGER_IDPROVEEDOR" 
BEFORE INSERT ON proveedor
FOR EACH ROW
   WHEN (new.idproveedor IS NULL) BEGIN
  :new.idproveedor := sequence_idproveedor.NEXTVAL;
END;
/
ALTER TRIGGER "ADMINALMACEN"."TRIGGER_IDPROVEEDOR" ENABLE;
--------------------------------------------------------
--  Constraints for Table RECEPCIONPEDIDO
--------------------------------------------------------

  ALTER TABLE "ADMINALMACEN"."RECEPCIONPEDIDO" MODIFY ("IDRECEPCIONPEDIDO" NOT NULL ENABLE);
  ALTER TABLE "ADMINALMACEN"."RECEPCIONPEDIDO" MODIFY ("IDORDENPEDIDO" NOT NULL ENABLE);
  ALTER TABLE "ADMINALMACEN"."RECEPCIONPEDIDO" MODIFY ("IDUSUARIORECEPTOR" NOT NULL ENABLE);
  ALTER TABLE "ADMINALMACEN"."RECEPCIONPEDIDO" MODIFY ("RECEPCION" NOT NULL ENABLE);
--------------------------------------------------------
--  Constraints for Table CLIENTE
--------------------------------------------------------

  ALTER TABLE "ADMINALMACEN"."CLIENTE" MODIFY ("IDCLIENTE" NOT NULL ENABLE);
  ALTER TABLE "ADMINALMACEN"."CLIENTE" MODIFY ("NOMBRE" NOT NULL ENABLE);
  ALTER TABLE "ADMINALMACEN"."CLIENTE" MODIFY ("CONTACTO" NOT NULL ENABLE);
--------------------------------------------------------
--  Constraints for Table VENTA
--------------------------------------------------------

  ALTER TABLE "ADMINALMACEN"."VENTA" MODIFY ("IDVENTA" NOT NULL ENABLE);
  ALTER TABLE "ADMINALMACEN"."VENTA" MODIFY ("IDBOLETA" NOT NULL ENABLE);
  ALTER TABLE "ADMINALMACEN"."VENTA" MODIFY ("FECHA" NOT NULL ENABLE);
  ALTER TABLE "ADMINALMACEN"."VENTA" MODIFY ("TOTAL" NOT NULL ENABLE);
  ALTER TABLE "ADMINALMACEN"."VENTA" MODIFY ("IDUSUARIO" NOT NULL ENABLE);
--------------------------------------------------------
--  Constraints for Table FAMILIAPRODUCTO
--------------------------------------------------------

  ALTER TABLE "ADMINALMACEN"."FAMILIAPRODUCTO" MODIFY ("IDFAMILIA" NOT NULL ENABLE);
  ALTER TABLE "ADMINALMACEN"."FAMILIAPRODUCTO" MODIFY ("NOMBRE" NOT NULL ENABLE);
  ALTER TABLE "ADMINALMACEN"."FAMILIAPRODUCTO" MODIFY ("MEDIDA" NOT NULL ENABLE);
--------------------------------------------------------
--  Constraints for Table PROVEEDOR
--------------------------------------------------------

  ALTER TABLE "ADMINALMACEN"."PROVEEDOR" MODIFY ("IDPROVEEDOR" NOT NULL ENABLE);
  ALTER TABLE "ADMINALMACEN"."PROVEEDOR" MODIFY ("NOMBRE" NOT NULL ENABLE);
  ALTER TABLE "ADMINALMACEN"."PROVEEDOR" MODIFY ("DATOSCONTACTO" NOT NULL ENABLE);
  ALTER TABLE "ADMINALMACEN"."PROVEEDOR" MODIFY ("RUBRO" NOT NULL ENABLE);
--------------------------------------------------------
--  Constraints for Table PAGOFIADO
--------------------------------------------------------

  ALTER TABLE "ADMINALMACEN"."PAGOFIADO" MODIFY ("IDPAGOFIADO" NOT NULL ENABLE);
  ALTER TABLE "ADMINALMACEN"."PAGOFIADO" MODIFY ("IDCLIENTE" NOT NULL ENABLE);
  ALTER TABLE "ADMINALMACEN"."PAGOFIADO" MODIFY ("ABONO" NOT NULL ENABLE);
--------------------------------------------------------
--  Constraints for Table PRODUCTO
--------------------------------------------------------

  ALTER TABLE "ADMINALMACEN"."PRODUCTO" MODIFY ("IDPRODUCTO" NOT NULL ENABLE);
  ALTER TABLE "ADMINALMACEN"."PRODUCTO" MODIFY ("NOMBRE" NOT NULL ENABLE);
  ALTER TABLE "ADMINALMACEN"."PRODUCTO" MODIFY ("PRECIOCOMPRA" NOT NULL ENABLE);
  ALTER TABLE "ADMINALMACEN"."PRODUCTO" MODIFY ("PRECIOVENTA" NOT NULL ENABLE);
  ALTER TABLE "ADMINALMACEN"."PRODUCTO" MODIFY ("IDFAMILIA" NOT NULL ENABLE);
  ALTER TABLE "ADMINALMACEN"."PRODUCTO" MODIFY ("MARCA" NOT NULL ENABLE);
  ALTER TABLE "ADMINALMACEN"."PRODUCTO" MODIFY ("CODIGOBARRA" NOT NULL ENABLE);
  ALTER TABLE "ADMINALMACEN"."PRODUCTO" MODIFY ("DESCRIPCION" NOT NULL ENABLE);
  ALTER TABLE "ADMINALMACEN"."PRODUCTO" MODIFY ("STOCK" NOT NULL ENABLE);
  ALTER TABLE "ADMINALMACEN"."PRODUCTO" MODIFY ("STOCKCRITICO" NOT NULL ENABLE);
--------------------------------------------------------
--  Constraints for Table ORDENPEDIDO
--------------------------------------------------------

  ALTER TABLE "ADMINALMACEN"."ORDENPEDIDO" MODIFY ("IDORDENPEDIDO" NOT NULL ENABLE);
  ALTER TABLE "ADMINALMACEN"."ORDENPEDIDO" MODIFY ("IDPROVEEDOR" NOT NULL ENABLE);
  ALTER TABLE "ADMINALMACEN"."ORDENPEDIDO" MODIFY ("FECHA" NOT NULL ENABLE);
  ALTER TABLE "ADMINALMACEN"."ORDENPEDIDO" MODIFY ("IDPRODUCTOSPEDIDO" NOT NULL ENABLE);
--------------------------------------------------------
--  Constraints for Table PRODUCTOSPEDIDO
--------------------------------------------------------

  ALTER TABLE "ADMINALMACEN"."PRODUCTOSPEDIDO" MODIFY ("IDPRODUCTOSPEDIDO" NOT NULL ENABLE);
  ALTER TABLE "ADMINALMACEN"."PRODUCTOSPEDIDO" MODIFY ("NOMBRE" NOT NULL ENABLE);
  ALTER TABLE "ADMINALMACEN"."PRODUCTOSPEDIDO" MODIFY ("IDFAMILIA" NOT NULL ENABLE);
  ALTER TABLE "ADMINALMACEN"."PRODUCTOSPEDIDO" MODIFY ("IDTIPOPRODUCTO" NOT NULL ENABLE);
  ALTER TABLE "ADMINALMACEN"."PRODUCTOSPEDIDO" MODIFY ("MARCA" NOT NULL ENABLE);
  ALTER TABLE "ADMINALMACEN"."PRODUCTOSPEDIDO" MODIFY ("CODIGOBARRA" NOT NULL ENABLE);
  ALTER TABLE "ADMINALMACEN"."PRODUCTOSPEDIDO" MODIFY ("DESCRIPCION" NOT NULL ENABLE);
  ALTER TABLE "ADMINALMACEN"."PRODUCTOSPEDIDO" MODIFY ("CANTIDAD" NOT NULL ENABLE);
  ALTER TABLE "ADMINALMACEN"."PRODUCTOSPEDIDO" MODIFY ("TOTALCOMPRA" NOT NULL ENABLE);
--------------------------------------------------------
--  Constraints for Table BOLETA
--------------------------------------------------------

  ALTER TABLE "ADMINALMACEN"."BOLETA" MODIFY ("IDBOLETA" NOT NULL ENABLE);
  ALTER TABLE "ADMINALMACEN"."BOLETA" MODIFY ("IDPRODUCTO" NOT NULL ENABLE);
  ALTER TABLE "ADMINALMACEN"."BOLETA" MODIFY ("CANTIDAD" NOT NULL ENABLE);
  ALTER TABLE "ADMINALMACEN"."BOLETA" MODIFY ("TOTAL" NOT NULL ENABLE);
--------------------------------------------------------
--  Constraints for Table USUARIO
--------------------------------------------------------

  ALTER TABLE "ADMINALMACEN"."USUARIO" ADD PRIMARY KEY ("IDUSUARIO")
  USING INDEX PCTFREE 10 INITRANS 2 MAXTRANS 255 COMPUTE STATISTICS 
  STORAGE(INITIAL 65536 NEXT 1048576 MINEXTENTS 1 MAXEXTENTS 2147483645
  PCTINCREASE 0 FREELISTS 1 FREELIST GROUPS 1 BUFFER_POOL DEFAULT FLASH_CACHE DEFAULT CELL_FLASH_CACHE DEFAULT)
  TABLESPACE "USERS"  ENABLE;
--------------------------------------------------------
--  Constraints for Table LOGIN
--------------------------------------------------------

  ALTER TABLE "ADMINALMACEN"."LOGIN" MODIFY ("IDLOGIN" NOT NULL ENABLE);
  ALTER TABLE "ADMINALMACEN"."LOGIN" MODIFY ("TIPO" NOT NULL ENABLE);
  ALTER TABLE "ADMINALMACEN"."LOGIN" MODIFY ("USUARIO" NOT NULL ENABLE);
  ALTER TABLE "ADMINALMACEN"."LOGIN" MODIFY ("CONTRASENA" NOT NULL ENABLE);
--------------------------------------------------------
--  Constraints for Table TIPOPRODUCTO
--------------------------------------------------------

  ALTER TABLE "ADMINALMACEN"."TIPOPRODUCTO" MODIFY ("IDTIPOPRODUCTO" NOT NULL ENABLE);
  ALTER TABLE "ADMINALMACEN"."TIPOPRODUCTO" MODIFY ("NOMBRE" NOT NULL ENABLE);
  ALTER TABLE "ADMINALMACEN"."TIPOPRODUCTO" MODIFY ("DESCRIPCION" NOT NULL ENABLE);
